campaign_id,channel,spend,impressions,conversions,roi_positive
1,display,444.75,169.44,182.27,0
2,display,341.2,119.22,196.68,0
3,social,477.58,56.43,161.59,0
4,search,121.21,174.92,242.42,0
5,social,338.86,385.9,169.93,1
6,search,335.09,307.24,284.65,1
7,email,458.22,349.18,300.76,1
8,social,298.6,205.91,204.54,0
9,email,450.72,170.33,46.69,0
10,display,414.18,245.34,354.21,1
11,email,492.73,374.38,218.47,1
12,email,417.85,406.22,433.07,1
13,search,356.14,108.57,76.87,0
14,email,335.46,162.39,226.24,0
15,social,134.67,293.4,324.32,0
16,display,173.62,223.93,132.61,0
17,display,289.6,483.77,53.16,1
18,display,337.86,105.83,385.52,1
19,search,159.98,119.15,343.49,0
20,search,349.62,321.76,70.08,0
21,social,429.75,312.54,45.83,0
22,search,421.52,305.94,379.3,1
23,email,186.51,353.33,50.82,0
24,display,495.59,140.27,236.97,1
25,social,424.54,53.16,334.81,1
26,display,295.5,125.54,334.6,0
27,search,470.43,187.79,383.26,1
28,email,460.0,338.34,489.34,1
29,social,108.78,404.42,465.81,1
30,search,82.48,218.65,437.61,0
31,search,316.33,26.61,338.22,0
32,search,245.78,433.53,341.3,1
33,display,16.27,297.93,482.57,0
34,search,336.58,100.86,417.41,1
35,display,303.99,115.29,19.17,0
36,email,494.52,488.52,111.65,1
37,display,116.68,420.13,49.52,0
38,social,144.83,17.69,219.55,0
39,email,369.66,54.85,244.66,0
40,display,140.96,426.23,423.23,1
41,search,136.77,377.17,262.7,0
42,display,401.82,348.29,167.88,1
43,email,369.55,113.63,158.5,0
44,email,157.23,15.93,188.61,0
45,email,429.35,334.25,494.49,1
46,display,304.89,499.65,344.32,1
47,social,143.52,236.86,49.53,0
48,search,431.41,19.04,68.8,0
49,search,334.01,328.32,257.13,1
50,search,146.86,90.73,440.02,0
51,social,217.83,324.02,495.42,1
52,email,284.03,158.03,91.15,0
53,search,248.79,427.87,49.19,0
54,social,438.41,101.53,202.53,0
55,social,467.39,186.98,307.25,1
56,search,277.7,141.58,405.48,1
57,social,390.1,329.2,355.47,1
58,display,35.55,493.2,171.65,0
59,search,102.26,146.38,366.33,0
60,search,154.07,293.43,277.13,0
61,social,410.53,170.04,92.7,0
62,social,483.62,356.47,188.1,1
63,search,372.6,132.19,372.91,1
64,email,442.82,396.07,210.11,1
65,email,407.55,28.94,355.23,0
66,display,350.2,301.39,168.2,1
67,email,496.54,269.63,469.57,1
68,social,18.0,17.44,245.59,0
69,email,176.11,446.59,368.97,1
70,social,436.57,66.86,367.58,1
71,email,218.37,86.41,105.63,0
72,display,32.31,257.59,466.96,0
73,social,62.29,49.72,42.0,0
74,email,97.44,305.67,385.53,0
75,search,456.61,431.12,223.13,1
76,search,302.15,391.73,111.86,1
77,search,383.46,95.87,195.14,0
78,social,496.09,80.96,97.45,0
79,display,480.81,304.36,137.16,1
80,email,341.39,409.32,122.07,1
81,email,277.93,409.07,428.47,1
82,search,210.57,353.47,31.84,0
83,search,204.41,31.82,198.73,0
84,email,347.36,296.18,28.53,0
85,display,496.95,440.46,355.13,1
86,email,387.34,96.3,91.0,0
87,display,200.35,234.75,95.05,0
88,display,309.19,432.64,403.84,1
89,social,357.35,357.47,138.44,1
90,social,479.2,290.53,105.77,1
91,email,473.15,113.36,137.5,0
92,social,116.14,400.1,426.73,1
93,search,399.57,311.58,19.75,0
94,search,496.56,491.04,289.71,1
95,social,126.52,156.97,203.28,0
96,social,226.14,15.34,10.13,0
97,social,296.42,419.29,29.07,0
98,search,211.07,235.8,310.21,0
99,social,276.08,100.1,120.02,0
100,email,469.05,490.55,395.84,1
101,search,72.39,154.05,127.09,0
102,social,129.72,26.14,276.41,0
103,display,286.01,183.23,268.41,0
104,search,160.39,367.23,487.79,1
105,social,460.72,130.13,283.38,1
106,search,172.79,77.93,75.39,0
107,display,455.07,398.74,404.94,1
108,display,58.58,406.23,408.28,1
109,email,117.58,282.54,160.41,0
110,email,106.56,103.32,274.25,0
111,display,110.96,232.38,316.27,0
112,display,373.57,382.52,418.33,1
113,search,32.81,362.95,427.56,1
114,search,452.33,421.26,146.82,1
115,search,186.52,301.62,230.53,0
116,email,205.8,216.53,161.75,0
117,display,184.97,236.08,179.88,0
118,display,258.05,101.75,159.59,0
119,display,478.88,228.75,80.59,0
120,search,285.33,110.42,24.89,0
121,display,178.99,20.65,227.78,0
122,email,79.65,76.16,174.24,0
123,social,417.41,166.44,299.68,1
124,search,276.06,318.7,274.0,1
125,search,403.77,297.01,188.4,1
126,search,251.88,267.39,409.72,1
127,search,192.11,100.06,132.44,0
128,email,34.69,357.46,33.82,0
129,search,219.58,235.13,19.59,0
130,email,135.63,14.97,449.27,0
131,display,231.48,57.23,198.43,0
132,display,450.74,95.83,48.58,0
133,search,274.06,116.91,42.12,0
134,email,447.54,245.84,384.38,1
135,social,219.54,196.0,229.88,0
136,display,276.98,294.33,105.86,0
137,search,336.33,143.72,233.55,0
138,search,133.22,455.68,200.27,0
139,display,114.1,118.5,163.65,0
140,email,85.11,362.15,489.19,1
141,email,411.24,229.76,182.5,1
142,email,101.12,256.62,258.71,0
143,search,10.29,379.19,312.52,0
144,search,485.23,32.26,232.76,0
145,search,267.02,491.28,404.57,1
146,display,428.63,222.75,53.65,0
147,social,341.2,277.79,241.1,1
148,email,417.62,406.85,363.22,1
149,display,107.73,458.71,102.91,0
150,search,233.22,245.08,392.05,1
151,display,375.93,112.1,46.93,0
152,search,191.45,159.62,207.69,0
153,social,260.73,409.67,164.36,1
154,search,163.11,52.53,272.33,0
155,email,257.43,420.9,225.16,1
156,email,87.8,69.33,429.86,0
157,display,358.45,25.86,185.02,0
158,search,264.3,275.56,291.15,1
159,email,468.38,421.48,492.23,1
160,display,15.35,461.53,77.19,0
161,email,172.78,467.48,243.57,1
162,email,13.16,203.46,418.54,0
163,display,41.98,60.94,495.48,0
164,email,472.83,401.17,411.33,1
165,social,440.49,254.15,330.91,1
166,email,19.4,276.42,422.45,0
167,email,55.98,410.81,307.42,0
168,display,182.42,116.81,236.75,0
169,email,106.13,400.01,49.29,0
170,display,470.23,75.76,373.81,1
171,email,246.87,189.22,67.28,0
172,email,101.93,432.95,106.65,0
173,search,298.88,130.83,73.54,0
174,social,406.51,324.11,498.87,1
175,search,420.38,83.94,250.77,0
176,search,265.51,396.03,221.17,1
177,search,416.28,213.14,313.43,1
178,search,437.94,313.22,267.75,1
179,display,315.55,459.42,64.06,1
180,display,178.44,54.23,247.89,0
181,social,145.73,437.18,493.94,1
182,display,83.3,411.49,315.04,1
183,email,308.0,385.5,123.52,1
184,display,450.25,80.53,493.56,1
185,search,481.1,411.06,399.18,1
186,email,142.38,27.69,412.53,0
187,display,351.55,436.02,18.07,1
188,search,185.08,347.52,101.42,0
189,search,201.17,400.46,292.94,1
190,search,444.38,194.83,69.51,0
191,social,59.07,341.13,216.58,0
192,social,259.04,238.38,164.49,0
193,display,422.21,144.48,345.89,1
194,display,120.5,26.05,260.55,0
195,display,181.12,460.01,67.19,0
196,display,478.77,484.32,302.82,1
197,display,103.56,232.07,128.4,0
198,display,211.93,129.66,140.08,0
199,email,404.55,384.08,132.64,1
200,social,127.69,51.1,117.67,0
201,email,183.09,425.91,24.99,0
202,social,370.59,372.6,71.72,1
203,search,115.43,326.1,353.37,0
204,search,327.77,375.52,244.57,1
205,social,19.99,49.0,348.21,0
206,email,38.57,429.75,251.19,0
207,display,38.0,418.87,437.37,1
208,social,412.25,89.5,397.0,1
209,social,10.07,36.91,290.11,0
210,search,55.53,175.74,281.75,0
211,display,395.72,249.1,223.91,1
212,display,313.58,38.98,153.8,0
213,email,406.23,395.26,380.43,1
214,email,429.71,112.56,258.81,1
215,social,340.27,45.37,499.8,1
216,display,89.34,368.49,49.5,0
217,display,454.86,371.06,259.12,1
218,email,278.79,229.58,187.45,0
219,social,26.2,81.21,198.83,0
220,search,61.76,208.21,31.22,0
221,search,181.63,187.82,122.32,0
222,social,377.29,395.51,368.16,1
223,email,73.62,56.23,330.16,0
224,social,458.09,337.23,70.07,1
225,social,22.16,182.55,437.05,0
226,social,430.87,361.82,303.66,1
227,display,216.19,155.33,376.92,0
228,search,33.05,153.5,446.35,0
229,social,153.16,390.81,268.51,1
230,social,140.32,284.56,380.78,1
231,email,373.67,479.6,156.6,1
232,email,171.41,243.93,82.89,0
233,search,261.12,147.06,424.26,1
234,social,39.68,263.02,236.79,0
235,social,296.57,256.03,286.5,1
236,email,52.16,478.21,365.24,1
237,social,344.03,428.12,437.31,1
238,display,68.77,446.55,264.01,0
239,search,231.43,37.03,159.4,0
240,email,79.25,205.27,259.9,0
241,email,447.62,41.4,383.45,1
242,social,412.99,322.05,147.83,1
243,search,304.43,147.59,66.97,0
244,social,227.83,485.35,344.02,1
245,social,274.52,374.88,138.09,0
246,display,353.26,257.54,286.45,1
247,search,357.1,368.46,379.28,1
248,display,59.73,406.94,247.66,0
249,display,17.16,288.58,96.12,0
250,search,56.43,75.59,141.83,0
251,email,470.33,377.85,24.86,1
252,social,464.11,33.77,292.94,0
253,email,403.98,159.37,35.75,0
254,social,48.67,162.31,43.02,0
255,email,45.08,85.3,291.26,0
256,search,384.37,380.71,236.01,1
257,search,473.81,422.3,164.68,1
258,social,83.33,245.83,59.34,0
259,search,406.23,139.22,350.6,1
260,search,209.61,185.09,275.24,0
261,display,91.15,173.51,455.29,0
262,display,241.86,237.03,256.44,0
263,display,107.0,479.14,52.16,0
264,email,206.16,352.7,424.92,1
265,display,405.97,375.79,22.37,1
266,email,431.75,446.02,474.49,1
267,display,239.63,184.61,334.61,0
268,email,154.23,93.66,86.58,0
269,social,321.0,145.48,459.69,1
270,display,104.37,286.08,373.79,0
271,display,492.34,313.26,10.63,1
272,display,129.17,73.04,84.04,0
273,display,186.12,268.05,203.23,0
274,display,386.85,175.8,407.88,1
275,social,311.57,443.36,155.11,1
276,email,153.76,342.97,108.52,0
277,email,362.6,448.61,130.47,1
278,social,327.41,130.31,357.26,1
279,email,67.74,123.02,80.43,0
280,social,149.29,67.88,47.26,0
281,display,395.36,258.1,266.09,1
282,display,334.35,128.92,485.01,1
283,display,238.04,306.41,114.97,0
284,social,258.89,443.61,353.06,1
285,social,458.12,426.97,439.85,1
286,social,215.75,498.4,408.93,1
287,email,465.25,58.18,122.38,0
288,email,268.14,403.87,112.72,0
289,email,293.94,128.99,357.12,0
290,display,113.38,411.3,423.34,1
291,search,146.51,251.28,54.74,0
292,email,242.38,51.22,26.46,0
293,email,195.9,245.87,359.04,1
294,search,166.97,247.27,54.13,0
295,social,289.11,41.18,72.28,0
296,search,154.18,448.63,212.71,1
297,display,380.31,69.11,178.41,0
298,social,11.57,23.47,315.0,0
299,display,33.77,375.73,99.57,0
300,display,189.57,192.41,220.39,0
301,search,227.12,323.74,320.93,1
302,search,384.73,251.17,81.53,0
303,social,172.2,68.14,142.55,0
304,email,141.0,204.98,36.16,0
305,display,71.16,220.94,105.63,0
306,search,177.9,15.62,222.25,0
307,social,384.76,406.76,135.8,1
308,email,271.51,227.75,92.96,0
309,search,114.94,346.65,75.92,0
310,display,411.39,263.71,355.67,1
311,search,301.92,397.94,100.36,1
312,social,190.71,453.37,326.82,1
313,email,103.45,176.06,248.13,0
314,display,29.71,325.73,320.65,0
315,email,447.7,266.13,245.02,1
316,search,443.79,244.48,461.11,1
317,email,245.07,122.08,93.2,0
318,email,396.19,337.02,146.29,1
319,display,213.68,73.8,192.11,0
320,email,81.53,58.34,266.33,0
321,social,258.09,71.27,457.94,0
322,social,71.95,313.85,128.74,0
323,search,191.51,27.56,461.04,0
324,social,494.58,54.36,254.76,1
325,display,410.32,29.31,161.35,0
326,email,128.07,108.96,196.25,0
327,search,156.49,407.55,38.37,0
328,display,109.44,74.44,444.0,0
329,search,499.49,403.09,382.79,1
330,social,75.04,280.58,376.31,0
331,social,244.39,458.21,449.25,1
332,email,178.11,267.13,39.6,0
333,display,194.6,232.85,406.0,1
334,social,425.09,152.2,205.14,0
335,search,57.9,485.23,338.67,1
336,email,53.86,88.68,52.86,0
337,email,494.78,379.95,67.65,1
338,email,418.77,172.66,241.08,1
339,display,299.28,257.52,175.42,0
340,search,67.11,118.87,124.56,0
341,email,282.32,468.51,396.57,1
342,social,22.49,147.7,148.32,0
343,email,465.19,114.73,387.4,1
344,email,372.03,38.49,158.03,0
345,social,476.45,428.9,396.37,1
346,display,354.78,83.11,213.09,0
347,display,316.79,255.15,314.15,1
348,email,486.82,267.68,355.15,1
349,search,119.71,57.86,492.49,0
350,email,269.84,308.28,499.54,1
351,email,36.63,442.74,143.24,0
352,search,375.72,489.54,209.69,1
353,email,168.07,51.08,309.29,0
354,search,36.28,31.73,88.67,0
355,display,217.44,69.17,114.88,0
356,search,212.54,237.84,404.78,1
357,display,279.92,492.11,66.99,1
358,social,488.44,433.45,108.59,1
359,email,327.87,418.33,314.11,1
360,display,491.21,213.43,330.69,1
361,email,414.92,218.35,235.26,1
362,social,460.95,184.33,62.51,0
363,social,254.51,294.22,291.33,1
364,display,366.72,337.45,154.77,1
365,display,335.79,137.31,326.31,1
366,search,274.03,349.53,449.08,1
367,search,110.1,427.34,148.27,0
368,search,96.04,474.7,42.55,0
369,social,107.23,62.64,162.56,0
370,email,112.08,45.41,294.72,0
371,search,176.93,167.9,396.09,0
372,social,452.82,65.23,454.1,1
373,email,155.67,363.31,335.47,1
374,social,169.68,29.77,221.33,0
375,email,153.61,377.87,434.78,1
376,search,123.32,294.32,479.39,1
377,social,209.02,447.28,395.36,1
378,email,340.36,371.65,437.49,1
379,search,100.91,106.17,428.75,0
380,social,40.79,388.47,371.22,1
381,social,104.07,382.94,220.61,0
382,search,426.01,254.54,16.93,0
383,search,427.97,284.94,252.81,1
384,display,53.1,52.47,149.27,0
385,display,405.62,274.8,382.92,1
386,social,175.59,62.23,191.98,0
387,display,106.4,355.66,10.27,0
388,email,134.33,299.64,381.4,1
389,email,78.28,59.04,184.65,0
390,social,438.82,490.06,445.79,1
391,social,185.12,470.94,108.9,0
392,email,413.85,92.19,405.82,1
393,social,85.33,96.17,466.13,0
394,social,304.04,296.04,138.96,0
395,search,348.96,110.0,12.67,0
396,social,411.43,97.55,294.68,1
397,social,228.88,485.86,58.39,0
398,email,177.17,143.38,340.18,0
399,search,255.98,126.32,101.63,0
400,display,135.0,472.55,294.27,1
401,social,29.54,450.48,35.3,0
402,display,191.42,157.99,225.56,0
403,social,300.28,283.73,480.62,1
404,display,263.82,44.15,231.2,0
405,display,452.37,55.23,12.91,0
406,search,435.99,493.12,377.47,1
407,email,98.08,116.8,345.15,0
408,email,176.02,349.67,226.01,0
409,email,331.37,159.4,429.46,1
410,search,374.15,122.78,334.49,1
411,display,75.86,223.28,216.7,0
412,display,60.68,344.8,391.89,0
413,email,392.9,270.2,70.55,0
414,display,142.59,99.1,309.68,0
415,search,451.05,316.41,275.66,1
416,email,307.18,155.53,248.97,0
417,search,275.31,177.6,219.06,0
418,search,32.51,318.94,45.98,0
419,social,404.1,298.35,419.31,1
420,social,80.44,52.32,70.1,0
421,social,396.34,432.17,379.18,1
422,email,231.21,339.73,493.96,1
423,email,341.1,369.79,59.73,0
424,social,117.97,251.82,240.99,0
425,search,105.3,12.61,367.97,0
426,search,159.85,455.19,95.29,0
427,email,135.17,239.93,205.84,0
428,email,215.77,448.62,10.84,0
429,email,248.52,278.62,37.1,0
430,display,48.58,181.99,37.96,0
431,email,82.52,462.33,396.17,1
432,search,45.73,366.31,141.18,0
433,display,194.44,185.56,408.17,0
434,email,281.48,76.69,311.55,0
435,search,477.06,306.9,451.82,1
436,email,107.24,156.67,364.54,0
437,display,466.33,268.94,373.53,1
438,display,130.12,156.65,76.29,0
439,social,468.1,243.9,443.92,1
440,social,122.82,252.93,143.66,0
441,display,144.8,28.42,368.55,0
442,display,239.86,100.73,188.39,0
443,email,283.85,173.52,34.02,0
444,search,58.06,277.35,245.36,0
445,social,170.25,106.05,35.85,0
446,social,138.24,17.96,150.81,0
447,display,439.22,82.14,417.84,1
448,display,73.85,191.19,487.19,0
449,social,176.7,203.72,17.97,0
450,search,412.29,286.61,95.68,0
451,email,228.81,318.46,490.34,1
452,social,212.96,354.43,142.72,0
453,social,352.55,213.33,429.7,1
454,display,360.81,404.23,70.08,1
455,display,321.42,36.63,78.1,0
456,search,218.61,332.49,242.78,0
457,display,133.75,131.54,375.73,0
458,display,75.83,41.49,215.04,0
459,email,308.56,186.36,194.71,0
460,email,397.05,200.13,328.55,1
461,email,229.25,107.99,146.46,0
462,email,352.15,472.62,170.8,1
463,social,103.01,233.53,244.64,0
464,search,107.88,93.71,334.53,0
465,email,380.16,426.5,206.77,1
466,email,382.94,483.37,141.89,1
467,email,82.14,412.31,434.15,1
468,social,316.21,485.5,135.0,1
469,email,224.8,165.09,477.42,1
470,social,274.12,181.26,97.59,0
471,social,348.59,92.65,484.29,1
472,search,454.39,172.13,299.19,1
473,display,130.81,37.52,309.3,0
474,email,200.8,154.02,89.14,0
475,display,320.04,457.14,242.35,1
476,social,132.87,306.23,48.73,0
477,email,100.47,84.08,35.57,0
478,email,220.3,291.32,481.86,1
479,display,377.0,116.72,235.03,0
480,social,119.83,351.49,273.08,0
481,display,299.55,35.7,81.71,0
482,search,325.06,105.4,414.76,1
483,email,21.53,18.36,167.73,0
484,email,62.37,177.97,166.26,0
485,email,256.26,120.16,324.33,0
486,social,321.47,134.41,129.33,0
487,social,253.13,424.04,201.76,1
488,social,438.25,451.15,336.94,1
489,email,132.04,440.69,79.39,0
490,display,41.67,236.93,358.01,0
491,search,297.7,466.72,443.95,1
492,social,491.14,185.23,401.74,1
493,social,353.19,482.33,289.97,1
494,search,166.88,379.66,107.1,0
495,display,392.39,406.04,314.78,1
496,social,336.71,303.52,382.84,1
497,email,464.51,312.56,431.21,1
498,social,416.21,279.7,160.58,1
499,display,149.64,165.86,56.89,0
500,display,237.79,340.97,462.42,1
501,email,294.45,445.78,487.85,1
502,search,428.26,428.21,396.66,1
503,social,403.92,497.99,115.05,1
504,search,419.44,458.97,129.8,1
505,display,398.24,383.7,127.91,1
506,search,225.51,182.75,142.26,0
507,social,202.79,324.49,170.24,0
508,social,497.78,414.14,121.94,1
509,search,85.07,91.23,364.67,0
510,social,189.41,118.3,314.22,0
511,display,387.23,324.39,288.42,1
512,display,227.73,245.68,148.37,0
513,social,213.2,187.48,235.95,0
514,display,161.68,459.18,332.62,1
515,social,423.04,435.32,407.09,1
516,search,42.49,369.32,90.67,0
517,search,321.42,459.77,347.64,1
518,email,342.27,89.71,154.44,0
519,search,252.96,446.41,84.47,0
520,display,357.75,139.27,289.18,0
521,search,242.8,489.07,364.94,1
522,social,192.62,51.11,141.25,0
523,email,189.13,39.87,172.84,0
524,display,352.72,116.51,261.03,0
525,email,80.16,278.25,158.69,0
526,social,472.88,481.44,455.07,1
527,display,162.14,103.04,264.54,0
528,email,495.31,46.63,389.7,1
529,display,161.59,398.84,133.44,0
530,email,272.91,204.95,124.89,0
531,social,55.62,111.38,361.3,0
532,email,381.24,182.66,187.47,0
533,email,374.8,479.77,482.83,1
534,search,445.76,50.57,216.6,0
535,search,192.29,367.84,240.1,1
536,email,308.33,288.18,363.9,1
537,social,54.07,49.65,320.6,0
538,email,83.33,294.38,458.64,1
539,display,255.95,112.05,480.05,1
540,display,160.88,41.55,280.76,0
541,email,431.85,390.8,235.5,1
542,display,378.38,105.5,289.72,0
543,social,320.03,87.55,90.66,0
544,search,400.98,321.62,86.41,1
545,display,333.89,253.56,275.97,1
546,social,381.22,409.71,156.73,1
547,social,202.94,152.5,64.61,0
548,display,393.73,152.58,440.08,1
549,social,109.35,212.98,466.89,0
550,search,144.86,499.14,392.56,1
551,email,153.61,25.17,13.49,0
552,display,257.49,36.32,215.99,0
553,display,332.0,159.45,482.94,1
554,display,192.82,95.45,115.9,0
555,email,454.27,74.03,248.3,0
556,display,15.61,56.16,91.28,0
557,display,220.19,398.7,439.73,1
558,email,10.09,144.08,151.81,0
559,email,481.73,424.07,62.42,1
560,search,65.41,151.01,421.8,0
561,search,171.37,97.93,459.39,0
562,social,486.81,215.67,124.8,1
563,display,486.5,357.45,142.6,1
564,display,487.29,113.33,123.36,0
565,search,163.34,95.22,65.24,0
566,social,412.27,463.76,221.84,1
567,social,202.0,398.84,344.97,1
568,search,338.18,158.25,270.26,0
569,social,119.13,406.71,67.43,0
570,social,96.2,338.73,123.55,0
571,search,497.68,361.5,238.25,1
572,search,463.02,19.62,167.78,0
573,email,257.92,454.86,368.46,1
574,social,325.82,384.99,155.41,1
575,email,395.97,155.66,437.74,1
576,social,217.99,174.65,264.61,0
577,social,67.37,100.25,84.94,0
578,social,299.7,497.37,235.76,1
579,social,254.0,283.52,140.0,0
580,social,178.92,219.62,183.0,0
581,email,13.29,193.13,11.37,0
582,display,58.13,91.55,62.68,0
583,display,489.88,321.62,178.73,1
584,search,262.51,138.53,485.25,1
585,search,191.39,485.12,352.63,1
586,email,486.1,129.33,338.1,1
587,social,344.06,303.77,239.4,1
588,display,382.92,274.55,443.7,1
589,social,326.74,426.91,354.91,1
590,display,189.79,223.47,423.42,1
591,display,101.66,394.99,460.61,1
592,social,249.88,302.14,256.92,1
593,social,341.17,169.93,432.12,1
594,email,193.47,386.15,472.66,1
595,display,463.58,214.47,52.11,0
596,search,111.29,429.39,222.34,0
597,social,102.25,130.08,120.57,0
598,display,483.24,37.67,37.96,0
599,search,162.3,29.24,383.09,0
600,social,155.08,106.11,340.12,0
601,email,18.8,250.15,258.95,0
602,search,56.92,322.89,221.3,0
603,email,253.78,301.0,183.3,0
604,display,78.7,257.51,284.67,0
605,email,448.43,188.55,349.42,1
606,social,34.38,369.9,215.4,0
607,search,100.24,474.15,406.27,1
608,email,79.78,266.92,23.31,0
609,social,33.83,126.81,185.92,0
610,search,55.71,325.65,128.88,0
611,search,393.08,470.7,33.28,1
612,email,401.49,272.91,486.68,1
613,search,338.22,331.8,94.03,0
614,display,366.89,92.55,190.17,0
615,social,371.56,222.37,475.31,1
616,search,28.03,374.71,337.82,0
617,display,149.14,72.45,184.06,0
618,email,39.26,30.51,90.64,0
619,display,266.14,281.58,168.88,0
620,social,269.79,138.71,163.37,0
621,display,425.86,499.88,473.83,1
622,search,79.99,98.81,396.89,0
623,email,473.54,416.44,25.42,1
624,email,252.03,227.94,38.84,0
625,search,14.88,398.63,257.95,0
626,social,319.51,398.36,109.06,1
627,email,63.3,265.26,191.8,0
628,social,341.74,150.7,47.56,0
629,display,36.19,179.18,464.3,0
630,email,53.76,246.78,18.91,0
631,search,358.24,275.09,400.51,1
632,display,38.14,54.14,448.92,0
633,social,409.32,241.82,372.6,1
634,display,334.85,360.6,437.13,1
635,social,72.92,480.01,176.64,0
636,search,440.1,458.85,363.31,1
637,search,281.76,112.31,494.12,1
638,search,131.16,97.51,185.77,0
639,display,253.78,340.9,199.48,0
640,email,225.71,297.27,186.25,0
641,email,216.14,47.13,243.78,0
642,social,479.22,296.81,343.52,1
643,email,415.99,449.89,358.09,1
644,search,286.37,320.39,305.55,1
645,display,77.19,322.94,49.4,0
646,search,72.71,487.59,238.19,0
647,email,362.78,119.56,309.59,0
648,display,365.62,413.62,108.75,1
649,search,458.55,57.45,308.81,1
650,search,419.77,230.2,430.92,1
651,social,167.94,404.1,434.57,1
652,search,256.23,355.61,363.92,1
653,email,197.63,265.4,324.75,0
654,email,139.37,393.7,415.97,1
655,social,404.81,211.32,153.05,0
656,email,482.83,113.79,295.29,1
657,display,244.49,475.74,77.64,0
658,display,201.08,139.16,68.53,0
659,display,327.22,356.88,432.92,1
660,social,91.83,483.88,436.68,1
661,social,322.97,292.44,490.85,1
662,email,34.34,301.14,114.97,0
663,search,437.32,52.41,67.67,0
664,email,307.81,259.86,468.09,1
665,email,413.43,399.93,424.24,1
666,search,69.49,300.43,323.14,0
667,social,430.37,214.65,181.87,1
668,display,497.32,180.82,489.2,1
669,display,499.87,131.48,391.97,1
670,social,77.12,460.74,421.17,1
671,social,259.35,408.67,25.24,0
672,search,129.06,317.05,281.06,0
673,display,438.77,361.21,42.94,1
674,social,316.49,89.91,112.89,0
675,search,433.74,414.22,369.4,1
676,search,314.93,291.54,401.36,1
677,social,472.95,335.75,52.41,1
678,search,298.99,131.53,309.7,0
679,display,186.98,14.59,57.81,0
680,social,345.84,63.22,315.91,0
681,display,72.57,411.31,125.09,0
682,email,237.68,104.15,281.55,0
683,display,366.44,407.52,368.3,1
684,search,165.94,132.64,340.04,0
685,social,306.76,389.65,60.26,0
686,social,429.36,313.08,308.59,1
687,email,310.64,105.63,400.91,1
688,social,70.34,437.7,366.43,1
689,email,193.56,137.06,153.57,0
690,search,49.39,325.02,382.74,0
691,search,124.1,407.21,247.23,0
692,social,173.63,276.25,148.18,0
693,search,476.72,344.81,82.19,1
694,search,119.9,300.7,218.77,0
695,search,44.43,213.71,270.35,0
696,display,150.94,89.31,69.56,0
697,email,465.49,441.44,498.87,1
698,email,191.05,442.35,370.55,1
699,social,468.51,460.89,429.94,1
700,social,90.56,73.09,20.73,0
701,social,446.23,104.36,18.92,0
702,display,28.04,486.04,450.93,1
703,email,76.83,205.81,279.95,0
704,email,463.07,378.79,406.33,1
705,social,254.6,130.64,440.18,1
706,social,440.73,265.6,102.53,1
707,display,11.29,113.4,250.8,0
708,display,394.22,392.76,215.51,1
709,social,258.57,267.18,328.86,1
710,social,329.32,296.41,169.15,0
711,social,455.33,421.63,403.98,1
712,social,311.33,101.89,120.48,0
713,email,318.79,315.3,34.16,0
714,email,103.56,131.72,445.89,0
715,search,223.63,438.51,107.61,0
716,search,471.68,37.99,32.88,0
717,social,92.86,288.59,199.32,0
718,email,51.72,162.41,40.35,0
719,social,36.7,193.29,381.01,0
720,search,85.16,301.17,477.73,1
721,display,198.78,117.2,135.93,0
722,display,256.98,232.48,165.85,0
723,email,401.48,381.83,79.92,1
724,email,391.08,249.07,434.37,1
725,display,85.81,418.66,472.44,1
726,display,396.65,430.74,268.04,1
727,display,74.62,259.62,269.01,0
728,search,54.3,40.66,246.91,0
729,display,77.11,407.67,415.52,1
730,social,299.4,313.03,173.83,0
731,social,468.47,159.98,86.62,0
732,email,280.24,243.49,139.54,0
733,search,192.88,141.07,307.55,0
734,search,345.69,456.2,74.81,1
735,email,159.65,363.17,28.99,0
736,social,417.25,34.36,387.01,1
737,search,227.9,135.92,34.76,0
738,display,407.16,333.13,356.59,1
739,display,489.05,418.97,274.87,1
740,social,11.62,292.53,139.46,0
741,social,26.75,264.72,249.47,0
742,search,117.3,457.1,492.99,1
743,display,270.51,497.07,46.39,1
744,social,356.96,230.13,492.55,1
745,social,433.95,305.93,286.69,1
746,search,99.6,492.72,489.88,1
747,email,278.05,334.72,413.6,1
748,social,231.88,261.39,405.01,1
749,social,215.56,464.72,155.92,1
750,email,36.2,370.96,80.57,0
751,social,361.95,93.4,484.67,1
752,social,356.49,132.41,422.88,1
753,display,247.25,195.04,190.26,0
754,social,268.28,464.55,172.3,1
755,email,47.89,110.63,258.27,0
756,email,473.21,455.8,21.58,1
757,social,380.68,77.37,318.38,0
758,email,381.62,199.43,159.11,0
759,search,281.84,313.8,456.42,1
760,email,265.13,376.43,242.2,1
761,email,56.23,298.98,124.01,0
762,search,93.87,223.3,463.95,0
763,social,352.92,433.76,54.2,1
764,display,322.57,45.34,471.68,1
765,social,99.6,235.71,429.08,0
766,search,156.23,436.18,23.29,0
767,email,66.57,224.52,207.22,0
768,display,437.38,375.85,317.85,1
769,email,433.04,425.09,59.6,1
770,search,364.17,181.81,251.5,0
771,display,358.99,446.62,466.22,1
772,display,248.86,216.93,95.41,0
773,social,366.58,364.27,104.93,1
774,email,86.39,108.78,196.68,0
775,search,266.9,127.64,68.62,0
776,search,269.83,350.73,324.21,1
777,social,423.08,163.5,379.46,1
778,search,442.06,80.67,83.41,0
779,social,205.5,365.57,205.5,0
780,search,479.49,44.77,189.74,0
781,social,390.31,339.21,181.22,1
782,display,282.05,204.4,26.05,0
783,search,262.85,408.05,203.95,1
784,social,323.95,401.42,303.95,1
785,social,352.11,74.38,165.12,0
786,display,351.56,489.51,90.28,1
787,display,197.61,403.21,220.35,1
788,display,163.32,160.33,360.45,0
789,search,396.18,281.65,385.87,1
790,social,38.5,274.46,476.04,0
791,email,42.41,20.45,411.03,0
792,email,203.73,433.48,458.05,1
793,social,134.96,497.21,96.4,0
794,social,22.91,497.74,491.35,1
795,search,65.97,77.07,366.57,0
796,search,363.92,389.0,127.99,1
797,email,483.3,498.15,108.8,1
798,social,307.77,214.92,179.98,0
799,search,278.61,135.64,468.82,1
800,social,142.27,65.72,433.26,0
801,email,230.79,43.29,148.08,0
802,search,246.34,437.11,112.84,0
803,search,425.58,245.24,427.2,1
804,display,81.21,203.83,97.63,0
805,search,438.89,159.38,369.73,1
806,search,407.09,41.26,271.68,0
807,display,36.4,49.4,149.03,0
808,display,253.59,74.45,390.19,0
809,email,157.95,361.75,182.89,0
810,display,425.06,411.86,256.88,1
811,display,52.32,86.93,91.49,0
812,social,342.37,131.49,122.94,0
813,email,157.7,69.22,119.83,0
814,search,384.62,96.93,154.2,0
815,display,45.49,419.11,408.12,1
816,search,374.0,310.28,482.98,1
817,email,307.47,52.73,264.78,0
818,display,281.48,138.77,495.76,1
819,email,340.16,95.53,72.46,0
820,search,310.16,415.15,39.54,0
821,email,11.44,210.03,162.74,0
822,search,132.68,57.24,233.38,0
823,display,223.53,383.38,37.81,0
824,email,50.02,331.63,320.03,0
825,search,357.31,323.15,201.63,1
826,social,342.72,275.56,283.97,1
827,display,232.33,430.59,84.93,0
828,email,410.17,424.43,197.76,1
829,social,301.39,461.87,397.97,1
830,search,306.21,353.25,457.35,1
831,display,448.2,466.16,464.67,1
832,search,165.41,494.95,15.56,0
833,social,386.44,25.35,440.54,1
834,display,492.72,221.09,277.45,1
835,search,150.13,42.92,468.86,0
836,email,52.65,340.48,82.85,0
837,display,211.0,303.23,145.61,0
838,email,488.69,324.57,489.4,1
839,display,101.51,97.68,413.29,0
840,display,302.59,355.52,64.08,0
841,email,298.73,478.62,19.18,0
842,email,269.31,150.98,118.34,0
843,search,118.1,326.18,319.1,0
844,social,476.89,454.42,41.33,1
845,email,351.31,355.05,311.56,1
846,email,22.78,351.53,228.25,0
847,social,409.93,219.66,253.7,1
848,display,338.23,106.11,148.23,0
849,search,250.47,145.11,487.48,1
850,display,51.34,484.02,138.41,0
851,search,89.86,148.99,274.4,0
852,display,32.37,462.06,352.8,1
853,display,118.91,447.02,237.62,1
854,email,225.62,228.39,215.52,0
855,display,301.1,170.79,145.28,0
856,display,273.13,211.6,254.2,0
857,search,326.39,277.67,396.19,1
858,search,345.9,207.69,50.56,0
859,search,463.9,182.45,249.3,1
860,display,200.72,387.95,399.17,1
861,display,51.03,433.85,217.73,0
862,email,17.74,197.68,232.78,0
863,display,377.44,362.68,225.77,1
864,search,107.84,243.05,460.42,1
865,display,473.32,268.81,435.37,1
866,email,371.41,401.76,476.62,1
867,social,275.24,155.94,128.8,0
868,email,491.93,10.3,220.7,0
869,search,415.61,325.12,346.02,1
870,email,411.67,477.2,238.09,1
871,display,267.18,384.52,443.99,1
872,search,322.03,352.93,130.45,1
873,email,455.17,17.78,493.63,1
874,display,188.17,83.15,14.82,0
875,search,185.88,391.07,34.75,0
876,email,278.69,457.0,284.41,1
877,search,347.95,488.97,397.43,1
878,display,365.07,276.63,188.98,1
879,search,30.16,103.08,157.14,0
880,social,305.29,269.38,126.81,0
881,email,241.59,324.41,223.58,0
882,social,113.85,280.65,432.97,1
883,email,482.21,46.14,238.42,0
884,email,482.03,414.41,193.93,1
885,search,373.53,339.0,267.66,1
886,search,328.61,405.76,65.62,1
887,social,296.91,420.76,127.24,1
888,social,278.46,218.94,231.96,0
889,display,392.39,150.39,416.01,1
890,social,332.99,263.73,244.32,1
891,search,43.85,339.28,499.67,1
892,search,354.41,242.44,156.75,0
893,search,360.82,207.55,135.17,0
894,social,185.0,460.72,120.62,0
895,social,447.35,245.87,431.98,1
896,email,476.78,343.12,96.08,1
897,email,488.29,114.95,108.07,0
898,email,460.48,270.71,15.31,0
899,social,144.35,480.93,227.3,1
900,display,320.35,296.55,160.66,0
901,email,431.4,306.88,482.55,1
902,social,101.0,308.95,375.14,0
903,display,399.17,243.25,167.08,1
904,social,329.78,34.66,326.98,0
905,search,31.77,83.3,96.7,0
906,social,43.92,447.52,247.13,0
907,search,230.96,462.53,15.04,0
908,search,413.93,71.37,493.26,1
909,search,232.53,257.85,487.12,1
910,search,182.39,205.88,496.16,1
911,display,302.87,217.11,234.89,0
912,email,155.06,151.44,191.63,0
913,social,488.05,489.79,210.69,1
914,email,197.97,335.74,212.07,0
915,search,313.82,22.63,131.92,0
916,display,394.72,480.67,337.2,1
917,search,425.74,482.87,135.42,1
918,search,90.6,44.72,407.17,0
919,search,409.22,405.34,146.6,1
920,search,427.03,249.4,431.97,1
921,display,369.23,56.57,446.3,1
922,display,263.79,493.66,146.81,1
923,search,268.35,246.86,162.63,0
924,email,418.83,241.56,498.42,1
925,display,436.66,92.78,169.3,0
926,search,138.51,96.54,482.94,0
927,display,137.9,88.65,362.4,0
928,email,345.52,287.26,417.08,1
929,email,461.11,385.69,94.95,1
930,email,358.37,436.05,290.15,1
931,email,197.98,384.48,408.74,1
932,search,64.73,227.48,58.36,0
933,social,274.19,72.0,195.91,0
934,email,172.94,83.47,49.31,0
935,search,219.75,95.61,357.05,0
936,email,227.38,291.67,380.48,1
937,social,109.56,439.29,268.76,1
938,social,151.75,306.14,408.64,1
939,display,229.27,442.16,64.81,0
940,email,310.41,53.02,158.84,0
941,email,161.63,272.38,144.58,0
942,display,348.32,66.14,453.85,1
943,display,268.54,245.35,374.51,1
944,search,275.24,193.9,302.13,0
945,email,411.21,172.66,455.56,1
946,search,498.86,493.61,163.14,1
947,display,114.5,135.13,303.25,0
948,display,14.04,418.23,161.39,0
949,social,450.13,385.74,226.11,1
950,email,104.64,451.57,163.22,0
951,display,149.26,206.79,258.29,0
952,display,280.8,469.89,356.5,1
953,email,228.26,178.99,248.76,0
954,search,38.4,14.03,224.46,0
955,search,274.96,169.29,115.89,0
956,search,280.16,422.01,192.68,1
957,social,298.03,146.95,207.91,0
958,social,60.01,300.92,102.43,0
959,social,356.28,299.85,13.21,0
960,social,260.99,198.72,383.39,1
961,display,383.36,425.71,281.25,1
962,email,117.84,447.97,157.31,0
963,display,344.69,302.63,450.53,1
964,email,452.81,83.62,344.99,1
965,display,419.65,414.53,155.76,1
966,search,245.0,56.15,60.81,0
967,email,358.83,415.49,194.49,1
968,email,102.57,315.51,134.76,0
969,email,306.3,342.22,282.46,1
970,search,391.53,481.16,253.55,1
971,email,438.28,495.32,216.06,1
972,search,395.61,325.92,280.38,1
973,search,112.57,412.82,297.09,1
974,social,464.31,26.32,442.81,1
975,social,464.52,276.01,45.08,0
976,search,13.96,366.25,218.02,0
977,display,223.98,125.72,254.28,0
978,social,267.68,117.04,209.16,0
979,display,277.3,177.2,344.2,0
980,display,483.9,20.34,299.86,1
981,search,228.24,365.04,464.18,1
982,social,428.34,261.4,439.36,1
983,email,122.87,450.55,435.38,1
984,search,480.53,117.26,236.64,1
985,email,380.41,439.09,427.89,1
986,social,21.07,347.77,261.64,0
987,social,470.1,484.02,199.79,1
988,display,466.49,232.05,352.47,1
989,search,311.4,169.82,442.89,1
990,display,488.04,475.83,373.95,1
991,search,273.49,233.02,227.34,0
992,search,60.08,248.87,452.69,0
993,email,70.76,200.23,364.14,0
994,display,40.71,347.07,388.59,0
995,email,487.18,220.47,170.51,1
996,social,315.15,308.51,386.77,1
997,display,424.58,275.29,342.42,1
998,social,411.11,461.07,466.03,1
999,social,155.17,333.8,145.15,0
1000,search,137.41,49.51,35.39,0
1001,search,134.15,87.88,468.82,0
1002,search,95.89,453.58,308.95,1
1003,email,258.85,331.35,184.06,0
1004,social,316.1,476.05,147.44,1
1005,display,492.35,195.42,396.21,1
1006,search,313.17,305.57,413.03,1
1007,search,333.18,322.63,297.68,1
1008,social,168.0,71.85,200.19,0
1009,search,441.08,357.95,149.87,1
1010,search,250.67,364.86,411.69,1
1011,email,270.56,469.21,229.69,1
1012,display,250.85,26.31,48.34,0
1013,social,417.11,45.78,53.31,0
1014,display,255.98,401.69,454.0,1
1015,search,166.19,167.91,392.73,0
1016,email,66.42,390.81,340.71,0
1017,email,107.16,448.12,313.16,1
1018,search,437.41,93.7,344.29,1
1019,search,180.9,378.55,118.38,0
1020,social,315.22,418.74,159.95,1
1021,email,197.6,428.63,64.17,0
1022,display,374.82,279.44,326.25,1
1023,social,353.41,409.33,314.98,1
1024,social,392.53,137.2,160.56,0
1025,display,48.77,388.66,379.59,1
1026,search,280.5,93.43,395.11,0
1027,email,253.35,182.77,174.35,0
1028,social,130.06,298.47,107.66,0
1029,email,254.89,412.8,195.38,1
1030,email,149.25,431.38,21.93,0
1031,search,291.88,86.62,174.23,0
1032,display,41.43,31.64,157.99,0
1033,social,187.07,370.84,440.06,1
1034,display,428.01,127.85,438.74,1
1035,display,178.16,125.95,462.81,0
1036,display,354.03,138.23,320.39,1
1037,search,64.77,425.64,447.79,1
1038,social,310.34,17.15,16.43,0
1039,social,469.3,39.67,447.78,1
1040,display,392.81,269.24,388.56,1
1041,email,111.73,492.38,337.56,1
1042,email,424.22,246.82,220.54,1
1043,email,317.72,63.08,203.09,0
1044,search,264.75,275.48,117.89,0
1045,display,424.88,145.82,325.08,1
1046,social,154.07,146.5,99.55,0
1047,display,93.29,466.28,272.87,1
1048,social,42.49,329.66,171.4,0
1049,email,66.31,427.32,187.3,0
1050,social,344.83,391.25,146.55,1
1051,social,187.08,219.85,492.3,1
1052,email,139.05,217.25,205.67,0
1053,email,224.67,125.84,200.73,0
1054,display,259.08,353.6,264.64,1
1055,email,58.94,290.38,226.39,0
1056,email,355.29,74.71,189.56,0
1057,social,139.15,26.91,314.96,0
1058,social,253.07,69.32,58.9,0
1059,display,13.5,416.3,112.99,0
1060,display,229.73,311.87,248.02,0
1061,email,111.94,285.69,375.59,0
1062,social,211.88,198.78,84.09,0
1063,social,180.89,110.02,481.74,0
1064,search,81.36,53.81,331.38,0
1065,display,93.93,80.19,247.07,0
1066,email,81.55,199.07,208.91,0
1067,social,300.22,423.8,454.08,1
1068,social,271.41,422.16,90.41,0
1069,email,298.52,282.09,106.16,0
1070,social,233.63,402.13,78.82,0
1071,social,108.66,349.95,206.12,0
1072,email,392.65,218.95,207.05,1
1073,social,306.1,137.91,327.18,0
1074,display,263.67,147.28,40.69,0
1075,email,196.88,245.33,152.33,0
1076,search,89.67,79.02,110.53,0
1077,display,436.19,219.14,181.77,1
1078,email,415.84,154.01,459.46,1
1079,display,148.31,115.81,421.42,0
1080,display,142.21,400.6,483.2,1
1081,search,124.58,50.32,235.55,0
1082,search,126.34,181.65,216.61,0
1083,search,429.37,138.83,403.66,1
1084,search,231.91,279.74,91.88,0
1085,search,347.59,248.66,273.46,1
1086,social,459.49,402.3,219.8,1
1087,display,350.62,274.27,451.29,1
1088,social,202.91,423.29,192.09,1
1089,social,222.22,273.88,24.08,0
1090,display,221.83,318.89,107.82,0
1091,social,66.38,230.98,322.68,0
1092,social,320.94,73.72,38.35,0
1093,search,253.65,83.58,423.58,0
1094,email,208.4,201.79,473.28,1
1095,social,399.29,471.5,52.5,1
1096,display,233.36,221.41,345.22,1
1097,display,406.44,34.99,218.85,0
1098,email,220.33,45.26,238.82,0
1099,display,110.33,490.19,153.3,0
1100,email,431.37,242.64,148.0,1
1101,display,458.56,499.92,226.31,1
1102,email,205.23,87.56,438.83,0
1103,email,71.21,470.22,466.49,1
1104,search,147.69,366.34,251.01,0
1105,email,197.46,103.16,378.77,0
1106,email,45.38,81.14,168.49,0
1107,display,29.15,425.48,332.89,0
1108,email,218.87,344.54,32.27,0
1109,social,494.7,320.99,475.7,1
1110,email,44.88,37.86,351.22,0
1111,search,89.73,158.3,492.31,0
1112,display,131.41,465.1,378.87,1
1113,social,111.48,52.33,468.56,0
1114,email,16.15,267.93,106.47,0
1115,social,318.84,467.4,77.99,1
1116,social,476.98,19.99,123.57,0
1117,email,290.96,260.01,212.16,0
1118,display,360.04,418.88,195.92,1
1119,search,71.39,196.61,98.84,0
1120,email,423.88,477.29,291.5,1
1121,display,461.96,419.87,43.21,1
1122,email,101.92,227.47,142.84,0
1123,email,28.38,428.47,401.53,1
1124,social,124.95,466.3,412.47,1
1125,social,111.55,476.74,320.05,1
1126,search,16.42,107.74,474.71,0
1127,email,180.88,43.61,279.7,0
1128,social,389.02,350.35,407.84,1
1129,search,140.69,223.0,420.11,0
1130,search,44.47,24.68,443.72,0
1131,display,151.33,248.22,139.22,0
1132,email,347.59,64.49,210.79,0
1133,social,73.17,331.98,497.78,1
1134,social,172.72,184.77,271.04,0
1135,display,219.36,88.46,294.15,0
1136,search,308.59,293.19,108.35,0
1137,display,209.99,252.57,178.52,0
1138,search,143.03,270.25,162.38,0
1139,email,101.38,19.89,493.95,0
1140,social,441.92,470.66,368.03,1
1141,email,169.34,84.38,351.2,0
1142,social,317.55,252.45,87.82,0
1143,social,62.74,295.44,435.73,0
1144,social,70.92,407.08,459.7,1
1145,email,266.92,456.99,78.92,1
1146,email,128.13,282.19,402.94,1
1147,email,467.61,137.41,240.66,1
1148,social,352.85,248.53,381.98,1
1149,search,142.7,479.38,327.19,1
1150,display,35.67,256.87,340.49,0
1151,display,249.66,115.58,465.96,1
1152,display,382.95,460.92,149.42,1
1153,social,64.13,310.54,283.89,0
1154,search,70.55,23.48,245.2,0
1155,social,83.26,303.7,249.09,0
1156,search,185.32,330.15,284.74,1
1157,email,198.03,312.28,423.55,1
1158,display,309.92,327.59,292.42,1
1159,search,299.29,107.67,293.33,0
1160,social,15.45,85.9,283.79,0
1161,display,69.92,75.22,345.65,0
1162,search,270.45,450.62,263.81,1
1163,display,313.86,446.45,154.22,1
1164,display,383.86,208.33,84.11,0
1165,email,417.23,260.63,493.04,1
1166,email,86.91,147.13,260.68,0
1167,social,137.1,128.6,112.05,0
1168,email,110.48,52.68,10.4,0
1169,email,453.24,387.6,128.24,1
1170,display,307.82,140.48,220.17,0
1171,display,435.14,426.65,208.86,1
1172,search,105.94,190.72,124.88,0
1173,search,412.6,370.47,490.23,1
1174,search,332.58,405.11,99.53,1
1175,email,198.27,207.21,248.32,0
1176,search,111.75,73.06,318.02,0
1177,display,450.06,402.71,155.37,1
1178,email,134.88,256.34,26.61,0
1179,email,468.77,215.51,282.93,1
1180,email,57.96,141.33,140.16,0
1181,social,152.41,381.43,492.91,1
1182,display,388.12,182.78,237.94,1
1183,display,326.36,393.98,403.77,1
1184,social,393.56,153.08,40.95,0
1185,email,234.11,340.42,179.43,0
1186,email,377.87,285.45,90.33,0
1187,search,452.1,481.82,262.37,1
1188,display,315.02,220.71,286.24,1
1189,display,197.57,128.16,214.84,0
1190,email,376.5,348.36,171.34,1
1191,search,203.9,72.15,248.15,0
1192,display,62.39,438.84,342.03,1
1193,search,391.77,429.82,86.84,1
1194,email,483.73,424.44,297.41,1
1195,search,354.37,288.2,450.47,1
1196,email,99.5,459.48,68.98,0
1197,search,150.79,427.53,439.05,1
1198,email,471.07,452.5,493.7,1
1199,display,309.32,108.66,269.82,0
1200,social,319.12,410.62,465.75,1
1201,social,61.71,427.04,378.08,1
1202,email,153.96,331.8,332.26,1
1203,display,37.27,48.54,17.83,0
1204,display,449.69,32.43,354.98,1
1205,search,439.72,14.43,226.07,0
1206,social,497.55,93.98,483.58,1
1207,display,451.18,309.1,493.09,1
1208,display,473.21,66.99,240.24,0
1209,search,487.49,131.75,167.19,0
1210,search,396.03,48.19,137.53,0
1211,search,498.62,451.51,179.05,1
1212,email,474.82,50.35,196.54,0
1213,email,41.47,133.47,244.75,0
1214,display,72.75,467.67,431.15,1
1215,email,158.75,460.04,72.4,0
1216,display,295.97,382.95,460.17,1
1217,display,265.31,252.81,415.35,1
1218,search,268.4,41.27,306.71,0
1219,display,464.49,215.86,123.81,1
1220,email,222.36,302.67,91.29,0
1221,search,277.74,460.49,47.89,0
1222,display,14.88,392.52,217.4,0
1223,social,462.22,119.08,134.44,0
1224,display,338.87,208.37,78.99,0
1225,email,397.37,326.79,238.44,1
1226,social,355.17,437.06,317.07,1
1227,display,319.33,340.81,396.84,1
1228,display,57.95,418.61,234.54,0
1229,social,495.78,30.93,358.22,1
1230,social,33.62,16.43,413.55,0
1231,search,236.16,135.62,33.56,0
1232,search,289.78,134.0,380.87,1
1233,social,466.41,459.07,103.65,1
1234,search,403.12,412.95,151.46,1
1235,social,169.71,194.41,170.92,0
1236,social,354.56,377.82,148.88,1
1237,email,172.8,397.79,398.79,1
1238,search,488.34,12.76,362.41,1
1239,email,169.3,436.94,263.64,1
1240,email,466.9,211.37,422.13,1
1241,search,456.26,97.14,260.51,1
1242,social,459.73,158.68,123.57,0
1243,search,478.56,61.13,110.16,0
1244,display,313.94,417.94,404.86,1
1245,email,478.53,396.13,226.21,1
1246,display,419.53,375.77,300.69,1
1247,email,365.32,347.82,66.25,0
1248,search,318.47,263.61,291.64,1
1249,display,273.92,435.8,145.4,1
1250,social,61.99,413.64,126.45,0
1251,social,483.08,190.11,168.42,1
1252,social,333.58,105.94,134.37,0
1253,social,365.12,360.1,494.99,1
1254,social,373.64,429.39,70.4,1
1255,search,389.19,14.84,181.18,0
1256,search,385.74,166.44,490.72,1
1257,search,224.98,259.94,266.71,0
1258,email,178.76,194.95,173.41,0
1259,social,370.12,133.27,267.47,0
1260,social,372.98,113.73,211.09,0
1261,email,228.4,56.28,477.54,0
1262,search,124.3,157.1,402.99,0
1263,search,43.58,478.59,329.36,1
1264,email,80.64,149.06,188.61,0
1265,search,483.59,285.65,42.77,1
1266,display,162.17,183.23,440.46,0
1267,email,201.0,150.0,394.9,0
1268,display,87.86,227.71,380.01,0
1269,search,444.49,117.12,79.44,0
1270,email,497.67,133.02,375.79,1
1271,search,257.45,203.78,49.13,0
1272,display,184.53,453.83,198.73,1
1273,search,461.98,82.24,445.19,1
1274,display,167.42,489.72,43.9,0
1275,display,451.15,481.75,339.68,1
1276,social,215.0,447.62,172.86,1
1277,search,39.94,86.48,234.48,0
1278,display,413.21,275.06,48.94,0
1279,display,172.04,166.54,352.86,0
1280,social,298.15,329.95,148.6,0
1281,social,388.04,204.0,38.89,0
1282,email,333.53,58.92,23.79,0
1283,search,177.19,465.06,87.8,0
1284,social,117.19,53.38,57.23,0
1285,display,345.5,138.32,146.33,0
1286,search,323.23,56.87,252.24,0
1287,email,421.86,288.05,44.43,0
1288,search,412.57,130.72,127.29,0
1289,email,244.65,203.82,454.68,1
1290,search,440.15,87.31,328.46,1
1291,search,29.26,191.98,303.39,0
1292,social,148.7,308.93,277.74,0
1293,display,322.49,389.44,319.0,1
1294,search,373.48,229.24,134.35,0
1295,social,89.88,270.4,369.22,0
1296,social,300.03,305.41,123.32,0
1297,social,439.12,80.03,274.7,0
1298,email,111.21,248.02,328.61,0
1299,display,267.51,224.1,245.0,0
1300,display,199.66,328.26,479.73,1
1301,email,42.48,180.92,243.06,0
1302,display,124.06,368.86,407.0,1
1303,email,273.0,53.81,327.96,0
1304,email,158.33,136.41,404.33,0
1305,email,176.29,143.22,25.68,0
1306,social,211.35,205.01,427.18,1
1307,email,265.7,245.09,453.55,1
1308,email,151.54,151.36,351.73,0
1309,email,40.63,492.15,87.12,0
1310,social,191.57,393.65,295.78,1
1311,email,79.71,66.66,321.99,0
1312,display,384.25,37.35,156.62,0
1313,display,55.37,233.37,76.21,0
1314,social,285.52,126.47,250.93,0
1315,search,314.5,117.03,418.1,1
1316,email,428.46,237.39,316.73,1
1317,display,431.62,422.5,424.53,1
1318,social,283.88,482.13,236.07,1
1319,display,164.52,117.33,452.68,0
1320,email,465.06,315.97,264.64,1
1321,search,316.32,258.96,491.17,1
1322,search,351.67,77.63,460.0,1
1323,social,22.49,494.72,144.45,0
1324,search,182.18,265.63,255.97,0
1325,social,420.89,209.93,432.92,1
1326,display,210.32,47.29,68.22,0
1327,search,316.35,17.29,231.67,0
1328,email,435.86,247.69,220.22,1
1329,social,454.5,247.58,83.05,0
1330,display,165.47,464.56,180.07,1
1331,search,78.08,447.65,389.03,1
1332,email,149.63,435.1,388.77,1
1333,display,349.74,165.76,257.38,0
1334,search,390.14,464.64,449.39,1
1335,social,387.22,320.76,461.79,1
1336,social,281.71,80.52,57.93,0
1337,search,270.71,346.57,461.71,1
1338,email,498.67,101.83,491.44,1
1339,email,237.78,254.12,206.55,0
1340,social,380.36,67.04,299.23,0
1341,email,227.29,345.64,309.73,1
1342,search,41.87,128.55,265.38,0
1343,display,93.72,87.71,396.99,0
1344,search,400.73,203.03,136.52,0
1345,search,211.07,222.84,171.35,0
1346,email,101.34,181.51,273.48,0
1347,display,447.11,223.13,146.28,1
1348,social,88.19,320.7,180.47,0
1349,search,331.21,77.84,245.3,0
1350,display,214.19,120.49,173.23,0
1351,search,469.33,277.1,435.56,1
1352,search,220.26,107.78,39.67,0
1353,social,250.83,222.8,50.88,0
1354,social,493.72,122.95,222.61,1
1355,search,471.4,373.14,199.7,1
1356,display,73.82,247.73,251.41,0
1357,display,146.11,227.48,488.92,1
1358,social,33.18,198.62,425.43,0
1359,social,184.15,227.97,147.79,0
1360,display,304.98,162.85,472.41,1
1361,email,401.44,466.71,300.14,1
1362,display,155.7,171.02,149.97,0
1363,email,378.4,456.24,354.35,1
1364,social,292.33,25.14,77.09,0
1365,display,468.04,24.8,157.25,0
1366,search,416.96,471.41,343.77,1
1367,display,97.73,382.55,190.64,0
1368,search,232.07,221.41,110.56,0
1369,search,422.63,377.38,295.43,1
1370,email,13.12,285.69,308.41,0
1371,search,492.07,317.12,61.3,1
1372,display,14.43,255.17,381.44,0
1373,search,30.83,294.45,402.43,0
1374,search,363.38,150.98,103.42,0
1375,search,313.22,462.15,333.17,1
1376,display,338.31,296.7,478.22,1
1377,search,206.19,54.33,461.2,0
1378,email,109.68,107.68,394.17,0
1379,display,183.64,265.1,54.55,0
1380,search,76.93,45.46,303.05,0
1381,social,150.53,82.04,430.29,0
1382,search,458.46,259.03,459.9,1
1383,email,309.04,401.06,251.82,1
1384,display,278.18,95.14,398.03,0
1385,display,66.72,455.54,106.96,0
1386,social,470.32,396.5,408.53,1
1387,display,116.18,238.53,245.03,0
1388,search,88.7,191.68,491.57,0
1389,email,473.25,41.12,27.96,0
1390,search,223.26,115.94,11.79,0
1391,display,154.14,396.18,436.59,1
1392,display,351.0,448.07,181.15,1
1393,display,403.47,400.2,488.35,1
1394,social,186.88,348.58,17.82,0
1395,email,104.04,435.49,188.75,0
1396,search,249.41,185.83,312.75,0
1397,display,225.01,281.41,443.3,1
1398,search,242.78,142.23,65.67,0
1399,search,255.95,296.96,412.44,1
1400,email,117.4,45.49,415.7,0
1401,display,192.9,347.17,419.45,1
1402,social,91.41,242.68,196.18,0
1403,email,226.65,490.21,341.4,1
1404,display,164.55,401.59,322.92,1
1405,social,406.75,15.93,302.9,0
1406,social,374.04,103.57,466.07,1
1407,display,381.08,359.3,103.04,1
1408,search,362.76,122.41,275.27,0
1409,display,327.08,84.9,461.27,1
1410,display,80.29,37.94,409.68,0
1411,search,29.96,255.39,265.82,0
1412,display,49.92,159.49,127.74,0
1413,social,137.09,52.54,432.22,0
1414,social,221.42,339.04,425.49,1
1415,social,422.05,395.35,446.12,1
1416,social,190.66,478.01,236.84,1
1417,display,46.85,19.8,181.71,0
1418,display,370.79,156.65,271.74,1
1419,display,132.71,238.78,33.24,0
1420,display,456.45,317.11,398.0,1
1421,display,391.72,212.32,276.1,1
1422,display,241.52,492.6,182.3,1
1423,social,195.52,321.12,70.73,0
1424,email,317.8,342.93,193.79,1
1425,display,419.84,99.88,336.04,1
1426,social,30.85,145.43,452.01,0
1427,search,435.41,150.94,258.86,1
1428,social,409.41,468.06,277.1,1
1429,email,344.76,65.21,65.28,0
1430,search,335.39,83.82,271.34,0
1431,social,125.42,115.26,294.3,0
1432,search,30.9,218.1,358.52,0
1433,display,165.47,41.46,414.27,0
1434,display,418.16,105.09,455.7,1
1435,email,390.73,246.75,80.78,0
1436,social,417.17,489.14,170.99,1
1437,search,106.19,342.78,41.38,0
1438,social,327.34,123.17,265.38,0
1439,social,326.17,128.58,128.38,0
1440,social,243.56,281.35,293.98,1
1441,social,235.06,81.58,90.53,0
1442,social,439.66,16.89,437.65,1
1443,social,253.53,80.56,395.24,0
1444,display,203.7,184.47,333.64,0
1445,social,269.58,383.7,99.88,0
1446,search,248.48,484.21,240.21,1
1447,social,421.09,301.56,491.06,1
1448,search,80.28,11.84,227.3,0
1449,search,162.16,178.27,231.44,0
1450,email,78.22,474.39,258.85,1
1451,email,289.09,258.8,35.1,0
1452,email,71.26,369.22,322.74,0
1453,email,67.91,67.51,241.34,0
1454,social,413.61,113.86,92.1,0
1455,display,36.09,43.18,63.54,0
1456,display,470.69,31.5,410.94,1
1457,display,429.94,80.57,351.94,1
1458,display,376.13,362.72,262.52,1
1459,email,476.33,87.6,126.37,0
1460,social,421.52,234.5,285.91,1
1461,search,206.87,95.92,37.68,0
1462,email,427.74,396.38,36.18,1
1463,email,137.18,72.21,489.16,0
1464,search,22.36,453.78,454.71,1
1465,email,462.21,162.68,226.41,1
1466,email,452.05,411.04,450.45,1
1467,display,382.07,427.22,120.74,1
1468,email,466.89,213.63,403.51,1
1469,email,393.1,13.79,104.67,0
1470,email,334.33,218.27,378.85,1
1471,email,92.84,411.39,494.48,1
1472,social,365.43,45.08,352.39,0
1473,display,447.11,334.12,298.04,1
1474,search,410.91,117.14,294.84,1
1475,display,485.35,76.86,330.59,1
1476,email,114.39,89.37,228.93,0
1477,email,400.34,116.34,95.59,0
1478,email,336.83,134.0,469.48,1
1479,social,329.78,326.92,214.95,1
1480,social,97.36,484.57,278.53,1
1481,display,323.64,33.81,375.29,0
1482,search,454.06,412.1,433.35,1
1483,search,369.24,468.98,445.44,1
1484,search,73.85,232.02,251.55,0
1485,social,64.57,79.46,62.85,0
1486,social,334.02,478.66,419.64,1
1487,display,146.79,129.14,453.35,0
1488,display,488.06,357.39,104.46,1
1489,social,393.51,134.66,385.95,1
1490,email,298.71,23.28,200.6,0
1491,social,81.05,402.71,344.65,1
1492,email,497.25,462.56,60.19,1
1493,social,27.73,237.2,247.86,0
1494,social,193.61,10.54,265.45,0
1495,display,475.4,249.39,465.91,1
1496,search,320.45,482.72,203.49,1
1497,email,443.93,327.53,125.62,1
1498,search,174.86,491.67,232.64,1
1499,social,148.8,196.64,385.49,0
1500,search,483.11,206.22,202.27,1
1501,search,441.01,302.18,76.64,1
1502,display,466.4,23.98,398.59,1
1503,email,331.72,225.88,269.46,1
1504,search,344.86,254.03,246.65,1
1505,search,203.01,318.38,425.38,1
1506,email,350.36,475.77,132.34,1
1507,search,120.48,271.83,182.69,0
1508,social,193.46,447.21,247.02,1
1509,search,275.75,496.35,264.68,1
1510,email,264.54,426.94,433.58,1
1511,email,174.36,55.91,216.81,0
1512,display,250.42,53.66,290.56,0
1513,display,17.99,182.37,154.76,0
1514,social,440.2,14.11,339.86,0
1515,social,180.61,491.49,443.16,1
1516,search,245.1,312.37,55.0,0
1517,display,179.77,448.24,410.04,1
1518,display,212.95,84.57,81.71,0
1519,display,156.76,96.92,318.76,0
1520,email,42.54,106.09,162.48,0
1521,display,186.03,74.66,125.86,0
1522,email,201.97,54.72,413.53,0
1523,email,280.78,155.65,285.66,0
1524,display,371.4,243.15,444.42,1
1525,social,489.34,476.13,246.74,1
1526,display,334.46,102.06,312.56,0
1527,display,495.35,382.8,183.54,1
1528,search,378.37,458.51,224.21,1
1529,search,469.83,35.08,493.43,1
1530,display,227.01,60.13,127.69,0
1531,social,54.73,226.02,454.57,0
1532,search,449.19,109.08,238.58,0
1533,display,139.75,410.55,491.59,1
1534,social,82.48,276.48,402.05,0
1535,display,466.32,235.7,265.11,1
1536,search,380.06,35.37,322.88,0
1537,email,317.83,112.22,138.98,0
1538,display,258.58,462.53,281.79,1
1539,social,310.49,439.77,308.3,1
1540,social,363.26,406.53,363.02,1
1541,email,220.89,348.79,357.68,1
1542,social,149.93,311.7,103.95,0
1543,display,334.85,386.16,219.89,1
1544,email,322.8,203.23,285.24,1
1545,search,127.66,101.24,90.42,0
1546,email,130.93,69.34,274.93,0
1547,display,268.57,135.65,139.94,0
1548,search,65.15,100.38,62.71,0
1549,display,322.29,50.77,164.43,0
1550,email,128.59,33.45,157.53,0
1551,email,185.33,254.13,72.77,0
1552,social,228.47,27.36,79.57,0
1553,search,364.3,349.97,17.53,0
1554,search,175.18,415.4,227.08,1
1555,social,222.16,269.31,342.05,1
1556,social,186.86,314.38,275.66,0
1557,social,284.33,189.36,446.37,1
1558,social,110.55,39.72,240.87,0
1559,email,182.09,187.93,407.81,0
1560,email,114.63,50.21,402.07,0
1561,social,193.16,133.33,415.38,0
1562,search,21.81,313.55,417.35,0
1563,email,300.16,478.98,401.0,1
1564,display,256.08,207.28,313.53,0
1565,social,80.94,96.42,460.95,0
1566,email,425.6,344.56,400.94,1
1567,email,16.42,13.63,114.48,0
1568,social,14.23,245.41,24.36,0
1569,display,415.13,325.53,393.95,1
1570,display,187.59,192.77,346.11,0
1571,search,19.02,264.64,74.52,0
1572,display,405.79,211.23,135.05,0
1573,display,168.98,135.53,443.38,0
1574,search,291.33,84.02,179.05,0
1575,display,182.14,219.73,399.8,1
1576,search,238.95,62.6,187.21,0
1577,social,465.01,324.16,402.12,1
1578,social,32.84,165.72,478.35,0
1579,display,219.2,441.43,277.06,1
1580,email,81.8,125.59,58.73,0
1581,display,117.73,125.69,191.81,0
1582,display,339.22,17.0,287.97,0
1583,social,31.97,495.11,450.47,1
1584,display,291.11,278.18,20.27,0
1585,display,481.89,491.66,193.03,1
1586,search,129.78,135.9,459.48,0
1587,display,461.65,330.5,147.9,1
1588,display,281.05,415.0,424.05,1
1589,search,189.25,454.43,71.67,0
1590,social,451.28,211.39,184.39,1
1591,social,373.98,185.22,47.5,0
1592,email,12.77,452.9,348.23,1
1593,social,482.43,439.07,463.63,1
1594,display,338.26,322.57,318.85,1
1595,email,170.7,26.12,62.62,0
1596,search,123.35,494.81,456.54,1
1597,search,140.06,358.1,109.46,0
1598,display,235.71,45.52,225.21,0
1599,social,409.69,389.18,287.12,1
1600,email,449.88,373.01,203.65,1
1601,social,212.7,93.43,457.09,0
1602,email,361.61,444.42,168.51,1
1603,email,297.02,69.03,131.25,0
1604,email,403.99,84.96,240.54,0
1605,social,375.42,355.05,280.32,1
1606,display,461.32,382.22,495.82,1
1607,email,22.73,354.22,141.88,0
1608,email,26.18,379.4,193.58,0
1609,search,230.33,140.94,336.63,0
1610,search,351.46,289.71,478.27,1
1611,search,27.98,132.25,329.47,0
1612,email,135.18,222.02,371.32,0
1613,search,217.52,276.68,154.01,0
1614,search,74.5,440.91,457.12,1
1615,search,458.96,36.58,405.99,1
1616,display,135.63,267.11,425.34,1
1617,search,161.95,234.42,75.37,0
1618,email,270.32,64.23,173.38,0
1619,display,460.49,265.82,260.18,1
1620,social,394.7,361.85,83.47,1
1621,display,188.21,496.71,82.46,0
1622,search,447.85,302.65,22.51,0
1623,search,17.46,415.89,341.22,0
1624,search,371.81,50.92,81.19,0
1625,email,29.43,84.4,257.79,0
1626,social,365.4,175.36,483.14,1
1627,search,260.29,479.84,381.01,1
1628,social,371.19,115.28,322.82,1
1629,social,182.46,439.29,80.88,0
1630,social,335.03,487.43,411.31,1
1631,email,435.75,120.49,20.85,0
1632,search,355.83,370.36,64.22,0
1633,email,417.65,214.59,438.91,1
1634,social,162.74,215.67,212.89,0
1635,display,284.24,367.63,215.07,1
1636,display,448.98,246.23,341.25,1
1637,email,285.0,298.23,68.75,0
1638,email,326.8,350.03,473.98,1
1639,display,135.72,380.13,209.25,0
1640,search,410.53,416.65,45.91,1
1641,display,232.78,41.51,88.71,0
1642,search,415.88,492.22,279.99,1
1643,email,369.88,281.78,48.78,0
1644,search,162.94,233.45,275.2,0
1645,social,269.32,327.98,63.5,0
1646,email,258.83,17.53,448.49,0
1647,search,245.91,466.64,283.18,1
1648,social,92.94,267.22,436.24,0
1649,social,473.01,435.95,467.0,1
1650,email,226.89,52.82,354.33,0
1651,email,446.09,86.97,283.76,1
1652,search,442.29,257.05,424.24,1
1653,search,318.17,182.29,300.45,1
1654,social,261.51,222.08,137.03,0
1655,social,202.48,388.77,368.89,1
1656,display,359.35,464.68,177.41,1
1657,social,228.33,159.36,216.87,0
1658,display,464.18,470.73,91.65,1
1659,display,166.88,164.58,432.07,0
1660,email,181.03,474.3,252.37,1
1661,email,176.45,355.85,334.05,1
1662,email,395.95,99.76,106.92,0
1663,email,498.91,246.11,191.93,1
1664,display,397.23,455.77,299.68,1
1665,display,328.76,143.42,414.08,1
1666,search,376.44,448.54,289.66,1
1667,social,391.69,65.11,120.65,0
1668,social,217.62,197.97,141.14,0
1669,display,74.39,473.99,397.47,1
1670,display,360.4,154.02,188.77,0
1671,email,455.71,103.73,295.66,1
1672,display,22.24,261.46,364.11,0
1673,social,462.83,171.14,19.6,0
1674,display,281.0,155.21,247.36,0
1675,search,105.68,485.0,74.51,0
1676,email,207.87,452.47,435.57,1
1677,display,385.62,280.42,148.94,1
1678,search,243.07,344.46,279.44,1
1679,search,228.7,326.4,152.75,0
1680,email,218.94,221.48,265.04,0
1681,display,386.68,136.26,414.11,1
1682,email,426.43,276.87,42.36,0
1683,display,14.55,82.08,265.8,0
1684,search,226.42,31.78,498.06,0
1685,search,373.46,124.4,463.42,1
1686,search,69.18,75.62,114.8,0
1687,search,439.43,452.41,214.86,1
1688,social,23.34,494.9,418.54,1
1689,email,435.67,371.2,41.23,1
1690,email,296.5,386.33,18.93,0
1691,search,19.53,277.62,308.51,0
1692,display,153.59,268.17,366.72,0
1693,display,124.9,279.4,45.41,0
1694,search,273.63,67.66,278.57,0
1695,display,11.4,180.23,234.58,0
1696,email,234.19,135.91,456.05,1
1697,search,128.02,313.13,383.9,1
1698,email,95.85,274.18,352.64,0
1699,search,22.63,137.89,227.36,0
1700,display,94.54,280.04,449.18,1
1701,email,419.25,136.92,39.28,0
1702,email,359.02,274.08,79.17,0
1703,search,322.14,26.66,339.1,0
1704,email,35.34,462.14,370.95,1
1705,display,316.15,146.88,429.63,1
1706,display,144.87,212.99,237.6,0
1707,email,176.64,407.59,285.64,1
1708,social,396.62,390.98,209.57,1
1709,social,399.36,494.88,404.22,1
1710,search,277.86,97.88,426.57,1
1711,email,108.92,429.16,328.03,1
1712,search,72.68,498.45,325.66,1
1713,search,339.83,281.09,381.7,1
1714,email,445.91,75.34,455.25,1
1715,email,331.98,259.87,247.45,1
1716,email,220.85,452.2,251.4,1
1717,display,292.86,255.1,39.56,0
1718,social,337.57,317.81,241.04,1
1719,email,413.62,310.76,146.29,1
1720,display,349.31,433.91,48.61,1
1721,search,235.16,207.9,51.45,0
1722,search,173.1,316.64,489.37,1
1723,search,406.38,221.51,257.33,1
1724,social,194.76,491.72,396.79,1
1725,search,93.73,209.52,76.28,0
1726,social,358.75,311.16,163.32,1
1727,social,433.02,175.31,414.05,1
1728,social,94.3,182.24,461.6,0
1729,display,31.47,106.1,458.84,0
1730,email,303.21,86.91,160.56,0
1731,search,50.78,446.99,108.88,0
1732,display,339.46,43.01,315.26,0
1733,display,490.23,368.32,268.46,1
1734,social,92.52,413.55,47.78,0
1735,display,94.14,389.83,63.08,0
1736,email,167.23,415.47,208.54,0
1737,email,415.77,417.84,243.67,1
1738,display,12.91,372.09,309.41,0
1739,email,103.98,178.84,321.19,0
1740,email,263.82,208.74,255.81,0
1741,search,442.4,149.93,225.2,1
1742,email,170.85,150.91,439.74,0
1743,search,272.75,150.7,206.55,0
1744,social,202.72,13.99,69.93,0
1745,email,434.62,417.82,298.81,1
1746,email,320.5,52.9,100.93,0
1747,display,318.91,86.31,211.7,0
1748,email,412.71,207.67,112.42,0
1749,email,83.36,207.7,498.74,0
1750,search,125.73,424.95,484.21,1
1751,email,442.69,413.96,247.22,1
1752,display,416.25,211.72,443.86,1
1753,email,372.82,209.02,465.87,1
1754,display,199.63,59.81,179.52,0
1755,display,405.87,70.46,304.41,0
1756,social,457.9,250.62,188.28,1
1757,social,412.58,224.18,334.3,1
1758,search,124.15,82.55,425.61,0
1759,social,315.15,376.77,441.32,1
1760,social,171.95,244.11,76.21,0
1761,email,371.36,115.98,372.38,1
1762,social,469.03,70.61,425.8,1
1763,email,87.1,237.07,40.55,0
1764,email,216.39,405.85,116.72,0
1765,social,414.89,15.48,193.21,0
1766,display,210.07,266.43,376.02,1
1767,social,399.0,408.78,20.24,1
1768,search,232.76,321.69,82.01,0
1769,search,364.66,463.83,316.85,1
1770,search,270.23,352.97,11.85,0
1771,display,97.54,343.16,66.39,0
1772,search,224.56,137.82,164.27,0
1773,social,111.1,128.67,23.09,0
1774,social,175.03,464.01,54.99,0
1775,social,387.23,184.25,251.1,1
1776,search,238.14,291.59,294.19,1
1777,email,283.26,390.39,453.9,1
1778,search,261.57,413.89,226.64,1
1779,email,473.85,266.45,213.28,1
1780,email,335.21,92.23,388.35,1
1781,search,274.9,458.71,288.9,1
1782,search,117.7,320.15,498.66,1
1783,search,146.21,118.87,226.48,0
1784,display,475.27,338.71,231.37,1
1785,display,71.83,33.77,146.1,0
1786,social,186.47,416.15,260.94,1
1787,email,186.65,200.34,347.36,0
1788,display,422.79,180.83,284.08,1
1789,search,74.4,325.35,310.96,0
1790,search,74.58,389.42,68.13,0
1791,email,496.03,117.0,368.22,1
1792,search,483.68,399.93,204.63,1
1793,email,208.81,458.36,137.41,1
1794,search,388.3,488.86,205.54,1
1795,search,100.75,231.94,102.49,0
1796,display,232.79,481.49,462.14,1
1797,search,354.48,271.54,326.39,1
1798,display,336.46,198.86,397.91,1
1799,social,214.95,425.15,126.88,0
1800,search,113.04,160.45,339.74,0
1801,email,46.51,27.13,30.12,0
1802,search,239.92,255.63,62.87,0
1803,social,151.8,153.76,415.64,0
1804,email,398.69,61.76,268.9,0
1805,display,337.42,135.54,199.36,0
1806,social,103.87,312.35,72.76,0
1807,social,298.15,434.02,318.99,1
1808,email,258.86,343.31,470.99,1
1809,search,212.57,207.28,52.2,0
1810,display,86.77,294.5,383.96,0
1811,social,281.96,54.3,38.42,0
1812,search,490.4,394.95,237.67,1
1813,search,327.01,136.68,78.16,0
1814,email,129.26,309.71,152.08,0
1815,search,280.08,431.95,371.98,1
1816,social,43.88,421.75,369.82,1
1817,email,190.27,332.43,184.7,0
1818,email,364.22,406.02,366.78,1
1819,display,359.31,48.69,341.66,0
1820,display,373.69,373.43,352.67,1
1821,social,235.2,61.58,263.69,0
1822,email,171.21,109.74,301.75,0
1823,display,430.86,357.99,358.4,1
1824,search,53.78,250.89,282.54,0
1825,search,477.22,400.11,429.37,1
1826,search,330.48,178.46,238.59,0
1827,email,237.04,477.48,71.2,0
1828,social,165.36,109.49,364.18,0
1829,social,303.17,170.68,30.59,0
1830,email,413.83,44.63,178.69,0
1831,social,385.99,203.13,249.2,1
1832,search,265.19,200.92,62.2,0
1833,email,127.3,200.97,300.57,0
1834,search,297.63,26.25,396.84,0
1835,search,107.12,31.09,19.09,0
1836,email,275.22,191.79,242.69,0
1837,social,193.19,439.6,132.39,0
1838,search,314.06,313.14,223.63,1
1839,display,193.74,214.8,24.49,0
1840,display,289.81,490.36,34.38,1
1841,display,79.02,351.23,310.81,0
1842,search,63.4,484.48,21.72,0
1843,search,400.27,300.19,73.61,0
1844,email,460.71,428.63,334.35,1
1845,display,430.14,418.88,155.26,1
1846,search,309.2,55.39,413.77,0
1847,social,302.68,452.44,401.91,1
1848,search,55.04,460.04,186.41,0
1849,search,112.95,132.21,93.53,0
1850,social,294.2,218.83,118.72,0
1851,email,357.94,396.07,231.77,1
1852,search,475.85,27.33,41.88,0
1853,display,116.52,34.14,437.98,0
1854,search,346.52,311.1,95.26,0
1855,social,93.41,77.77,483.73,0
1856,search,29.33,249.25,446.17,0
1857,social,201.6,292.39,188.54,0
1858,search,146.66,154.76,138.56,0
1859,display,465.6,257.45,268.61,1
1860,search,47.23,113.84,443.34,0
1861,social,170.92,291.04,206.64,0
1862,display,268.58,45.25,331.07,0
1863,search,178.71,311.34,409.92,1
1864,search,497.28,333.99,330.95,1
1865,display,282.03,384.75,462.8,1
1866,social,244.8,25.58,292.25,0
1867,search,336.81,18.69,76.2,0
1868,display,49.72,276.59,414.27,0
1869,display,214.34,488.49,136.55,1
1870,email,434.78,311.61,427.03,1
1871,display,326.86,415.27,36.39,0
1872,email,82.41,122.31,418.15,0
1873,display,493.16,427.39,277.7,1
1874,search,178.39,189.49,218.46,0
1875,display,498.93,129.46,215.67,1
1876,display,137.98,361.4,178.16,0
1877,search,323.37,53.17,181.9,0
1878,display,413.2,111.32,483.11,1
1879,display,313.49,490.24,244.01,1
1880,email,38.83,78.24,302.41,0
1881,social,284.44,360.74,414.46,1
1882,search,32.82,443.24,152.12,0
1883,social,12.45,152.95,424.92,0
1884,social,108.15,57.4,97.68,0
1885,email,319.52,88.07,199.13,0
1886,display,422.06,398.78,425.69,1
1887,search,411.79,48.91,50.75,0
1888,social,110.62,181.49,123.4,0
1889,social,304.18,310.93,316.27,1
1890,email,32.13,308.18,496.76,1
1891,search,402.93,170.0,107.72,0
1892,search,73.48,390.33,166.64,0
1893,display,24.67,395.12,265.82,0
1894,display,177.66,283.17,455.04,1
1895,email,239.58,132.15,480.05,1
1896,search,85.66,90.6,269.24,0
1897,display,105.67,163.19,228.13,0
1898,search,92.8,241.84,94.61,0
1899,email,168.84,286.13,369.32,1
1900,email,133.83,35.21,24.54,0
1901,email,164.57,351.81,107.55,0
1902,display,84.33,87.54,47.95,0
1903,social,498.84,448.78,143.11,1
1904,social,426.86,112.91,379.4,1
1905,display,297.73,365.33,301.4,1
1906,social,104.39,64.62,42.71,0
1907,display,69.3,153.31,174.56,0
1908,email,216.21,266.44,456.65,1
1909,search,455.28,459.8,237.73,1
1910,display,468.4,434.07,250.53,1
1911,display,222.89,423.91,82.28,0
1912,social,128.25,44.43,17.12,0
1913,email,289.18,244.8,410.67,1
1914,social,231.27,201.37,106.35,0
1915,social,319.22,472.41,321.23,1
1916,social,17.99,327.38,143.26,0
1917,display,359.74,13.66,372.91,0
1918,display,296.62,155.74,389.08,1
1919,display,367.88,277.33,85.83,0
1920,search,201.4,224.92,374.06,1
1921,display,78.63,287.12,308.92,0
1922,display,357.62,41.95,29.36,0
1923,email,246.65,84.48,202.89,0
1924,display,129.96,364.72,242.08,0
1925,search,142.93,436.03,316.36,1
1926,display,88.57,378.15,444.19,1
1927,email,339.21,215.07,461.92,1
1928,social,234.11,39.64,344.47,0
1929,email,471.31,101.64,350.24,1
1930,display,427.96,336.11,158.11,1
1931,display,173.92,120.31,478.5,0
1932,display,137.78,170.33,393.95,0
1933,email,143.67,492.33,365.44,1
1934,email,372.98,330.33,413.8,1
1935,display,82.6,117.51,305.15,0
1936,display,407.37,220.47,21.0,0
1937,display,132.83,219.94,155.72,0
1938,social,179.58,318.93,11.28,0
1939,search,357.06,363.79,360.46,1
1940,search,475.37,11.89,465.42,1
1941,search,22.13,429.54,229.56,0
1942,email,114.51,175.09,300.18,0
1943,social,86.71,178.98,335.54,0
1944,email,361.34,188.45,355.99,1
1945,email,163.79,324.26,200.82,0
1946,display,157.24,224.02,306.02,0
1947,social,15.84,202.83,344.38,0
1948,search,196.36,231.55,11.34,0
1949,display,217.44,47.07,240.59,0
1950,email,224.15,128.47,201.26,0
1951,display,11.59,132.96,110.6,0
1952,display,227.93,278.91,157.65,0
1953,social,117.99,18.41,408.2,0
1954,email,98.07,186.25,441.62,0
1955,social,259.04,498.08,98.79,1
1956,display,203.61,402.87,355.48,1
1957,social,39.52,218.39,420.82,0
1958,display,185.6,153.23,327.67,0
1959,display,157.28,107.73,220.01,0
1960,display,425.1,333.78,363.2,1
1961,social,76.26,375.0,232.61,0
1962,email,184.09,134.15,376.18,0
1963,social,80.0,198.18,311.12,0
1964,email,73.9,357.1,303.4,0
1965,email,402.99,99.66,39.61,0
1966,email,328.92,366.45,36.16,0
1967,search,75.37,281.64,358.78,0
1968,email,464.05,194.44,475.27,1
1969,email,254.99,33.4,262.82,0
1970,social,171.98,53.23,432.46,0
1971,social,373.24,153.9,200.57,0
1972,display,289.1,101.26,217.34,0
1973,social,88.08,256.81,372.14,0
1974,social,199.95,127.23,150.83,0
1975,social,148.99,437.7,137.84,0
1976,display,290.06,187.09,252.54,0
1977,email,10.84,242.52,312.23,0
1978,social,329.42,281.41,275.15,1
1979,email,163.05,477.85,436.66,1
1980,search,28.87,303.89,436.58,0
1981,email,50.33,485.31,415.22,1
1982,social,237.76,448.1,353.66,1
1983,social,477.26,163.15,257.65,1
1984,search,473.2,488.81,155.62,1
1985,social,499.84,484.36,165.76,1
1986,email,195.18,411.7,292.13,1
1987,email,370.72,242.53,162.96,0
1988,email,317.34,359.86,421.46,1
1989,social,15.57,382.43,339.34,0
1990,email,387.31,474.86,419.14,1
1991,email,403.83,34.7,428.01,1
1992,search,245.6,88.37,100.53,0
1993,display,139.82,403.57,116.62,0
1994,social,404.03,324.82,67.01,0
1995,search,269.82,296.99,191.37,0
1996,search,193.49,45.53,125.53,0
1997,search,16.32,367.11,333.64,0
1998,email,396.8,318.56,473.01,1
1999,search,270.43,462.08,103.93,1
2000,social,309.72,102.13,93.2,0
